business_type,business_name,phone,city
Plumbing,Big Sky Plumbing & Heating,(406) 443-0336,Helena
Plumbing,Shedhorn Plumbing,(406) 449-4111,Helena
Plumbing,City Plumbing & Heating,(406) 442-5830,Helena
Plumbing,TC Plumbing & Heating,(406) 410-0798,Helena
Plumbing,Mt Helena Plumbing & Heating,(406) 449-8930,Helena
Plumbing,Werner Plumbing & Heating,(406) 457-0669,Helena
Plumbing,Clark's Plumbing & Heating,(406) 443-4876,Helena
Plumbing,A+406 Waterworks,(406) 215-5143,Helena
Plumbing,R & R Pump Co,(406) 442-0661,Helena
Plumbing,Helena's Drain Doctor,(406) 465-5012,Helena
Plumbing,JBS Plumbing,(406) 210-1500,Helena
Plumbing,A-Drain Plumbing & Heating,(406) 461-1499,Helena
Plumbing,Lewis & Clark Plumbing,(406) 475-3207,Helena
Plumbing,Sorensen Plumbing & Heating,(406) 459-1687,Helena
Plumbing,Harris Plumbing,(406) 431-5443,East Helena
Plumbing,Double Down Plumbing & Heating,(406) 799-7858,East Helena
Plumbing,Montana City Plumbing & Heating,(406) 449-2400,Montana City
Plumbing,3 Brothers Plumbing & Heating,(406) 449-4343,Montana City
Plumbing,Hamper's Plumbing & Heating,(406) 442-6262,Clancy
Plumbing,S&S Plumbing & Heating,(406) 490-9221,Butte
Plumbing,Lockmer Plumbing Heating & Utilities,(406) 782-2224,Butte
Plumbing,406 Plumbing and Heating,(406) 565-8949,Butte
Plumbing,Drain Werks Plumbing & Heating,(406) 498-1515,Butte
Plumbing,911 Plumbing & Heating,(406) 760-1818,Great Falls
Plumbing,Grizzly Plumbing,(406) 315-4909,Great Falls
Plumbing,All About You Plumbing and Heating,(406) 761-5213,Great Falls
Plumbing,Talon Technical Services,(406) 453-4911,Great Falls
Plumbing,Greatfalls Plumbing Co,(406) 225-6723,Great Falls
Plumbing,Plumb Crazy Plumbing,(406) 217-6698,Great Falls
Plumbing,Montana Plumbing Company,(406) 926-1228,Missoula
Plumbing,Dutton Plumbing and Heating,(406) 561-3115,Missoula
Plumbing,Right Now Plumbing and Heating,(406) 214-8904,Missoula
Plumbing,Hellgate Plumbing Heating & Cooling,(406) 597-6654,Missoula
Plumbing,Plumb-Tech Plumbing & Heating,(406) 251-3555,Missoula
Plumbing,Fred's Plumbing & Heating,(406) 543-7622,Missoula
Plumbing,Williams Plumbing,(406) 587-0969,Bozeman
Plumbing,Lucas Plumbing,(406) 551-0060,Bozeman
Plumbing,Bullet Plumbing,(406) 548-4531,Bozeman
Plumbing,Manhattan Plumbing & Heating,(406) 284-4133,Bozeman
Plumbing,G&T Plumbing & Mechanical,(406) 256-6016,Billings
Plumbing,Archie's Plumbing,(406) 598-8820,Billings
Plumbing,Alpine Plumbing Heating & Cooling,(406) 626-3054,Billings
Plumbing,Precision Plumbing & Heating,(406) 655-9240,Billings
Plumbing,Brown Plumbing & Heating,(406) 656-8585,Billings
Plumbing,High Caliber Plumbing & Heating,(406) 670-3730,Billings
Plumbing,Drain Master Plumbing Solutions,(406) 702-8003,Billings
Plumbing,Elk River Plumbing & Heating,(406) 591-3810,Billings
Plumbing,Billings Plumbing Co,(406) 225-0138,Billings
Plumbing,Bozeman Plumbing Co (Billings),(406) 225-6731,Billings
